{
	"france": {
		"name": "France",
		"radios": [
			{ "id": "bfm", "name": "BFM", "url": "http://vipicecast.yacast.net/bfm", "logo": "http://upload.wikimedia.org/wikipedia/fr/0/0d/BFM_Business_logo_2010.png" },
			{ "id": "cheriefm", "name": "Chérie FM", "url": "http://mp3.live.tv-radio.com/cherie_fm/all/che_124310.mp3", "logo": "http://upload.wikimedia.org/wikipedia/fr/e/ec/Ch%C3%A9rie_FM_logo_2012.png" },
			{ "id": "europe1", "name": "Europe 1", "url": "http://vipicecast.yacast.net/europe1", "logo": "http://upload.wikimedia.org/wikipedia/fr/thumb/2/22/Europe_1.svg/320px-Europe_1.svg.png" },
			{ "id": "fip", "name": "FIP", "url": "http://www.tv-radio.com/station/fip_mp3/fip_mp3-128k.m3u", "logo": "http://upload.wikimedia.org/wikipedia/fr/d/d5/FIP_logo_2005.svg" },
			{ "id": "franceculture", "name": "France Culture", "url": "http://www.tv-radio.com/station/france_culture_mp3/france_culture_mp3-128k.m3u", "logo": "http://upload.wikimedia.org/wikipedia/fr/5/55/Logo_France_Culture.png" },
			{ "id": "franceinfo", "name": "France Info", "url": "http://www.tv-radio.com/station/france_info/france_info.m3u", "logo": "http://upload.wikimedia.org/wikipedia/fr/d/d4/Logo_France_Info.png" },
			{ "id": "franceinter", "name": "France Inter", "url": "http://www.tv-radio.com/station/france_inter_mp3/france_inter_mp3-128k.m3u", "logo": "http://upload.wikimedia.org/wikipedia/fr/8/8d/France_inter_2005_logo.svg" },
			{ "id": "francemusique", "name": "France Musique", "url": "http://www.tv-radio.com/station/france_musique_mp3/france_musique_mp3-128k.m3u", "logo": "http://upload.wikimedia.org/wikipedia/fr/6/64/France_Musique_logo_2008.png" },
			{ "id": "fun", "name": "Fun Radio", "url": "http://streaming.radio.funradio.fr/fun-1-44-128", "logo": "http://upload.wikimedia.org/wikipedia/fr/thumb/e/eb/Fun_Radio.png/320px-Fun_Radio.png" },
			{ "id": "kissfm", "name": "Kiss FM", "url": "http://mp3.live.tv-radio.com/kissfm/all/kissfm-128k.mp3", "logo": "http://static.radio.fr/images/broadcasts/63/9d/3074/w175.png" },
			{ "id": "lemouv", "name": "Le Mouv'", "url": "http://www.tv-radio.com/station/le_mouv_mp3/le_mouv_mp3-128k.m3u", "logo": "http://upload.wikimedia.org/wikipedia/fr/d/d3/Le_Mouv%27_logo_2008.svg" },
			{ "id": "mfm", "name": "MFM Radio", "url": "http://str30.creacast.com/mfm1.m3u", "logo": "http://upload.wikimedia.org/wikipedia/fr/b/bb/Logo-mfm.png" },
			{ "id": "nostalgie", "name": "Nostalgie", "url": "http://mp3.live.tv-radio.com/nostalgie/all/nos_113812.mp3", "logo": "http://upload.wikimedia.org/wikipedia/fr/9/9d/Logo_Nostalgie.png" },
			{ "id": "nrj", "name": "NRJ", "url": "http://mp3.live.tv-radio.com/nrj/all/nrj_113225.mp3", "logo": "http://upload.wikimedia.org/wikipedia/fr/d/dc/Logo_Nrj_%28radio%29_2008.svg" },
			{ "id": "ouifm", "name": "OÜI FM", "url": "http://broadcast.infomaniak.ch/ouifm-high.mp3.pls", "logo": "http://upload.wikimedia.org/wikipedia/fr/6/60/Newlogoouifm.png" },
			{ "id": "radioclassique", "name": "Radio Classique", "url": "http://broadcast.infomaniak.net/radioclassique-high.mp3", "logo": "http://upload.wikimedia.org/wikipedia/fr/7/7a/Radio_Classique_2005_logo.svg" },
			{ "id": "radiophenix", "name": "Radio Phénix", "url": "http://www.radio-phenix.unicaen.fr:8000/radiophenix_mid.mp3", "logo": "http://www.radiophenix.fr/wp-content/themes/radiophenix.fr/images/logo_header.png" },
			{ "id": "rireetchansons", "name": "Rire et Chansons", "url": "http://mp3.live.tv-radio.com/rire_et_chansons/all/rir_124629.mp3", "logo": "http://upload.wikimedia.org/wikipedia/fr/c/cd/Rire_%26_Chansons_logo_2012.png" },
			{ "id": "rmc", "name": "RMC", "url": "http://vipicecast.yacast.net/rmc", "logo": "http://upload.wikimedia.org/wikipedia/fr/7/7e/Logo_RMC_2002.png" },
			{ "id": "rtl", "name": "RTL", "url": "http://streaming.radio.rtl.fr/rtl-1-44-96", "logo": "http://upload.wikimedia.org/wikipedia/fr/a/a9/Rtlbis.gif" },
			{ "id": "rtl2", "name": "RTL 2", "url": "http://streaming.radio.rtl2.fr/rtl2-1-44-96", "logo": "http://upload.wikimedia.org/wikipedia/fr/5/51/RTL2.png" },
			{ "id": "skyrock", "name": "Skyrock", "url":"http://player.skyrock.fm/V4/skyrock/skyrock.m3u", "logo": "http://skyrock.fm/layouts/frontoffice/images/skyrock.png" },
			{ "id": "sudradio", "name": "Sud Radio", "url":"http://broadcast.infomaniak.net:80/start-sud-high.mp3", "logo": "http://upload.wikimedia.org/wikipedia/fr/9/9d/Sudradio.gif" },
			{ "id": "tendanceouest", "name": "Tendance Ouest", "url":"http://www.streamakaci.com/radios/tendanceouest.m3u", "logo": "http://upload.wikimedia.org/wikipedia/fr/thumb/d/d7/Logo_radio_tendance_ouest.svg/320px-Logo_radio_tendance_ouest.svg.png" },
			{ "id": "tsfjazz", "name": "TSF Jazz", "url":"http://broadcast.infomaniak.net:80/tsfjazz-high.mp3.m3u", "logo": "http://upload.wikimedia.org/wikipedia/fr/d/d4/Logo-tsf-jazz.png" },
			{ "id": "virgin", "name": "Virgin Radio", "url": "http://vipicecast.yacast.net/virginradio.m3u", "logo": "http://upload.wikimedia.org/wikipedia/fr/thumb/d/d1/VirginRadio.png/217px-VirginRadio.png" }
		]
	},
	"international": {
		"name": "International",
		"radios": [
			{ "id": "bbcworldservice", "name": "BBC World Service", "url": "http://bbcwssc.ic.llnwd.net/stream/bbcwssc_mp1_ws-eieuk", "logo": "http://upload.wikimedia.org/wikipedia/commons/f/fc/BBC_World_Service_red.svg" },
			{ "id": "radioparadise", "name": "Radio Paradise", "url": "http://stream-uk1.radioparadise.com/mp3-128", "logo": "http://static.radio.fr/images/broadcasts/d5/23/1885/w175.png" }
		]
	},
	"francebleu": {
		"name": "France Bleu Régions",
		"radios": [
			{ "id": "fbiledefrance", "name": "Île-de-France", "url": "http://www.tv-radio.com/station/france_bleu_ile-de-france_mp3/france_bleu_ile-de-france_mp3-128k.m3u", "logo": "http://upload.wikimedia.org/wikipedia/fr/thumb/3/31/France_Bleu_107.1_logo_2009.png/240px-France_Bleu_107.1_logo_2009.png" },
			{ "id": "fbalsace", "name": "Alsace", "url": "http://www.tv-radio.com/station/france_bleu_alsace_mp3/france_bleu_alsace_mp3-32k.m3u", "logo": "http://upload.wikimedia.org/wikipedia/fr/2/26/Logo_france_bleu_alsace.png" },
			{ "id": "fbarmorique", "name": "Armorique", "url": "http://www.tv-radio.com/station/france_bleu_armorique_mp3/france_bleu_armorique_mp3-32k.m3u", "logo": "http://upload.wikimedia.org/wikipedia/fr/thumb/6/69/Logo-France-Bleu-Armorique.jpg/240px-Logo-France-Bleu-Armorique.jpg" },
			{ "id": "fbauxerre", "name": "Auxerre", "url": "http://www.tv-radio.com/station/france_bleu_auxerre_mp3/france_bleu_auxerre_mp3-32k.m3u", "logo": "http://upload.wikimedia.org/wikipedia/fr/8/83/Logo_france_bleu_auxerre.gif" },
			{ "id": "fbazur", "name": "Azur", "url": "http://www.tv-radio.com/station/france_bleu_azur_mp3/france_bleu_azur_mp3-32k.m3u", "logo": "http://upload.wikimedia.org/wikipedia/fr/d/dc/Logo_France_Bleu_Azur.jpg" },
			{ "id": "fbbassenormandie", "name": "Basse-Normandie", "url": "http://www.tv-radio.com/station/france_bleu_basse_normandie_mp3/france_bleu_basse_normandie_mp3-32k.m3u", "logo": "http://upload.wikimedia.org/wikipedia/fr/b/bc/LOGO-france-bleu-basse-normandie.gif" },
			{ "id": "fbbearn", "name": "Béarn", "url": "http://www.tv-radio.com/station/france_bleu_bearn_mp3/france_bleu_bearn_mp3-32k.m3u", "logo": "http://upload.wikimedia.org/wikipedia/fr/7/79/Logo_France_Bleu_Bearn.jpg" },
			{ "id": "fbbelfort", "name": "Belfort", "url": "http://www.tv-radio.com/station/france_bleu_belfort_mp3/france_bleu_belfort_mp3-32k.m3u", "logo": "http://upload.wikimedia.org/wikipedia/fr/e/e8/F-Bleu-Belfort.jpg" },
			{ "id": "fbberry", "name": "Berry", "url": "http://www.tv-radio.com/station/france_bleu_berry_mp3/france_bleu_berry_mp3-32k.m3u", "logo": "http://upload.wikimedia.org/wikipedia/fr/6/68/France_bleu_berry.gif" },
			{ "id": "fbbesancon", "name": "Besançon", "url": "http://www.tv-radio.com/station/france_bleu_besancon_mp3/france_bleu_besancon_mp3-32k.m3u", "logo": "http://upload.wikimedia.org/wikipedia/fr/c/c2/Logo_france_bleu_besancon.jpeg" },
			{ "id": "fbbourgogne", "name": "Bourgogne", "url": "http://www.tv-radio.com/station/france_bleu_bourgogne_mp3/france_bleu_bourgogne_mp3-32k.m3u", "logo": "http://upload.wikimedia.org/wikipedia/fr/b/b0/Logo_france_bleu_bourgogne.gif" },
			{ "id": "fbbreizizel", "name": "Breiz Izel", "url": "http://www.tv-radio.com/station/france_bleu_breiz_izel_mp3/france_bleu_breiz_izel_mp3-32k.m3u", "logo": "http://upload.wikimedia.org/wikipedia/fr/thumb/0/06/Logo_France_Bleu_Breizh_Izel.jpg/240px-Logo_France_Bleu_Breizh_Izel.jpg" },
			{ "id": "fbchampagne", "name": "Champagne", "url": "http://www.tv-radio.com/station/france_bleu_champagne_mp3/france_bleu_champagne_mp3-32k.m3u", "logo": "http://upload.wikimedia.org/wikipedia/fr/4/4a/Logo_France_Bleu_Champagne.jpg" },
			{ "id": "fbcotentin", "name": "Cotentin", "url": "http://www.tv-radio.com/station/france_bleu_cotentin_mp3/france_bleu_cotentin_mp3-32k.m3u", "logo": "http://upload.wikimedia.org/wikipedia/fr/thumb/4/4c/France_Bleu_Cotentin_logo_2005.png/240px-France_Bleu_Cotentin_logo_2005.png" },
			{ "id": "fbcreuze", "name": "Creuse", "url": "http://www.tv-radio.com/station/france_bleu_creuse_mp3/france_bleu_creuse_mp3-32k.m3u", "logo": "http://upload.wikimedia.org/wikipedia/fr/0/09/Logo_France_Bleu_Creuse.jpg" },
			{ "id": "fbdromeardeche", "name": "Drôme Ardèche", "url": "http://www.tv-radio.com/station/france_bleu_drome_ardeche_mp3/france_bleu_drome_ardeche_mp3-32k.m3u", "logo": "http://upload.wikimedia.org/wikipedia/fr/6/62/France_Bleu_Dr%C3%B4me_Ard%C3%A8che.gif" },
			{ "id": "fbfrequenzamora", "name": "Frequenza Mora", "url": "http://www.tv-radio.com/station/france_bleu_frequenza_mora_mp3/france_bleu_frequenza_mora_mp3-32k.m3u", "logo": "http://upload.wikimedia.org/wikipedia/fr/thumb/d/de/Logo_france_bleu_frequenza_mora.gif/240px-Logo_france_bleu_frequenza_mora.gif" },
			{ "id": "fbgardlozere", "name": "Gard Lozère", "url": "http://www.tv-radio.com/station/france_bleu_gard_lozere_mp3/france_bleu_gard_lozere_mp3-32k.m3u", "logo": "http://upload.wikimedia.org/wikipedia/fr/0/03/France_Bleu_Gard_Loz%C3%A8re.jpg" },
			{ "id": "fbgascogne", "name": "Gascogne", "url": "http://www.tv-radio.com/station/france_bleu_gascogne_mp3/france_bleu_gascogne_mp3-32k.m3u", "logo": "http://upload.wikimedia.org/wikipedia/fr/4/43/France_Bleu_Gascogne.jpg" },
			{ "id": "fbgironde", "name": "Gironde", "url": "http://www.tv-radio.com/station/france_bleu_gironde_mp3/france_bleu_gironde_mp3-32k.m3u", "logo": "http://upload.wikimedia.org/wikipedia/fr/f/f8/France_bleu_Gironde.jpg" },
			{ "id": "fbhautenormandie", "name": "Haute Normandie", "url": "http://www.tv-radio.com/station/france_bleu_haute_normandie_mp3/france_bleu_haute_normandie_mp3-32k.m3u", "logo": "http://upload.wikimedia.org/wikipedia/fr/1/18/Logo_France_Bleu_Haute-Normandie.jpg" },
			{ "id": "fbherault", "name": "Hérault", "url": "http://www.tv-radio.com/station/france_bleu_herault_mp3/france_bleu_herault_mp3-32k.m3u", "logo": "http://upload.wikimedia.org/wikipedia/fr/c/c9/France_Bleu_H%C3%A9rault.jpg" },
			{ "id": "fbisere", "name": "Isère", "url": "http://www.tv-radio.com/station/france_bleu_isere_mp3/france_bleu_isere_mp3-32k.m3u", "logo": "http://upload.wikimedia.org/wikipedia/fr/8/8b/Logo_france_bleu_isere.gif" },
			{ "id": "fblarochelle", "name": "La Rochelle", "url": "http://www.tv-radio.com/station/france_bleu_la_rochelle_mp3/france_bleu_la_rochelle_mp3-32k.m3u", "logo": "http://upload.wikimedia.org/wikipedia/fr/0/01/France_Bleu_La_Rochelle.jpg" },
			{ "id": "fblimousin", "name": "Limousin", "url": "http://www.tv-radio.com/station/france_bleu_limousin_mp3/france_bleu_limousin_mp3-32k.m3u", "logo": "http://upload.wikimedia.org/wikipedia/fr/9/9c/Logo_France_Bleu_Limousin.svg" },
			{ "id": "fbloireocean", "name": "Loire Océan", "url": "http://www.tv-radio.com/station/france_bleu_loire_ocean_mp3/france_bleu_loire_ocean_mp3-32k.m3u", "logo": "http://upload.wikimedia.org/wikipedia/fr/f/fd/Logo_france_bleu_loire_ocean.jpg" },
			{ "id": "fblorrainenord", "name": "Lorraine Nord", "url": "http://www.tv-radio.com/station/france_bleu_lorraine_nord_mp3/france_bleu_lorraine_nord_mp3-32k.m3u", "logo": "http://upload.wikimedia.org/wikipedia/fr/8/89/France_Bleu_Lorraine_Nord.jpg" },
			{ "id": "fbmaine", "name": "Maine", "url": "http://www.tv-radio.com/station/france_bleu_maine_mp3/france_bleu_maine_mp3-32k.m3u", "logo": "http://upload.wikimedia.org/wikipedia/fr/3/3a/Logo_France_Bleu_Maine.gif" },
			{ "id": "fbmayenne", "name": "Mayenne", "url": "http://www.tv-radio.com/station/france_bleu_mayenne_mp3/france_bleu_mayenne_mp3-32k.m3u", "logo": "http://upload.wikimedia.org/wikipedia/fr/thumb/7/72/Logo_france_bleu_mayenne.jpg/254px-Logo_france_bleu_mayenne.jpg" },
			{ "id": "fbnord", "name": "Nord", "url": "http://www.tv-radio.com/station/france_bleu_nord_mp3/france_bleu_nord_mp3-32k.m3u", "logo": "http://upload.wikimedia.org/wikipedia/commons/6/6a/France_Bleu_Nord_logo.png" },
			{ "id": "fborleans", "name": "Orléans", "url": "http://www.tv-radio.com/station/france_bleu_orleans_mp3/france_bleu_orleans_mp3-32k.m3u", "logo": "http://upload.wikimedia.org/wikipedia/fr/8/85/France_Bleu_Orl%C3%A9ans_radio.jpg" },
			{ "id": "fbpaysbasque", "name": "Pays Basque", "url": "http://www.tv-radio.com/station/france_bleu_pays_basque_mp3/france_bleu_pays_basque_mp3-32k.m3u", "logo": "http://upload.wikimedia.org/wikipedia/fr/e/e1/France_Bleu_Pays_Basque.jpg" },
			{ "id": "fbpaysdauvergne", "name": "Pays d'Auvergne", "url": "http://www.tv-radio.com/station/france_bleu_pays_dauvergne_mp3/france_bleu_pays_dauvergne_mp3-32k.m3u", "logo": "http://upload.wikimedia.org/wikipedia/fr/9/9d/France-Bleu-Pays-d-Auvergne-.gif" },
			{ "id": "fbpaysdesavoie", "name": "Pays de Savoie", "url": "http://www.tv-radio.com/station/france_bleu_pays_de_savoie_mp3/france_bleu_pays_de_savoie_mp3-32k.m3u", "logo": "http://upload.wikimedia.org/wikipedia/fr/thumb/e/ec/Logo_fr_bleu_savoie.svg/240px-Logo_fr_bleu_savoie.svg.png" },
			{ "id": "fbperigord", "name": "Périgord", "url": "http://www.tv-radio.com/station/france_bleu_perigord_mp3/france_bleu_perigord_mp3-32k.m3u", "logo": "http://upload.wikimedia.org/wikipedia/fr/a/a1/Logo_France_Bleu_P%C3%A9rigord.svg" },
			{ "id": "fbpicardie", "name": "Picardie", "url": "http://www.tv-radio.com/station/france_bleu_picardie_mp3/france_bleu_picardie_mp3-32k.m3u", "logo": "http://upload.wikimedia.org/wikipedia/fr/c/c3/France_Bleu_Picardie.gif" },
			{ "id": "fbpoitou", "name": "Poitou", "url": "http://www.tv-radio.com/station/france_bleu_poitou_mp3/france_bleu_poitou_mp3-32k.m3u", "logo": "http://upload.wikimedia.org/wikipedia/fr/2/22/Logo_France_Bleu_Poitou.jpg" },
			{ "id": "fbprovence", "name": "Provence", "url": "http://www.tv-radio.com/station/france_bleu_provence_mp3/france_bleu_provence_mp3-32k.m3u", "logo": "http://upload.wikimedia.org/wikipedia/fr/b/bb/Logo_France_Bleu_Provence.jpg" },
			{ "id": "fbroussillon", "name": "Roussillon", "url": "http://www.tv-radio.com/station/france_bleu_roussillon_mp3/france_bleu_roussillon_mp3-32k.m3u", "logo": "http://upload.wikimedia.org/wikipedia/fr/c/c4/France_Bleu_Roussillon.jpg" },
			{ "id": "fbsudlorraine", "name": "Sud Lorraine", "url": "http://www.tv-radio.com/station/france_bleu_sud_lorraine_mp3/france_bleu_sud_lorraine_mp3-32k.m3u", "logo": "http://upload.wikimedia.org/wikipedia/fr/thumb/0/07/FB_Sud_Lorraine_2005.jpg/240px-FB_Sud_Lorraine_2005.jpg" },
			{ "id": "fbtoulouse", "name": "Toulouse", "url": "http://www.tv-radio.com/station/france_bleu_toulouse_mp3/france_bleu_toulouse_mp3-32k.m3u", "logo": "http://upload.wikimedia.org/wikipedia/commons/f/fc/France_Bleu_Toulouse_logo.gif" },
			{ "id": "fbtouraine", "name": "Touraine", "url": "http://www.tv-radio.com/station/france_bleu_touraine_mp3/france_bleu_touraine_mp3-32k.m3u", "logo": "http://upload.wikimedia.org/wikipedia/fr/9/97/France_Bleu_Touraine.jpg" },
			{ "id": "fbvaucluse", "name": "Vaucluse", "url": "http://www.tv-radio.com/station/france_bleu_vaucluse_mp3/france_bleu_vaucluse_mp3-32k.m3u", "logo": "http://upload.wikimedia.org/wikipedia/fr/9/94/Logo_France_Bleu_Vaucluse.jpg" }
		]
	}
}
